Timestamp,User,Action
2026-08-22 09:22:55,Admin Officer,Started Live Stream (Laptop Integrated Webcam)
2026-08-22 09:23:43,Admin Officer,Initiated Ultra-Fast Video Search (Speed: 50x)
2026-08-22 09:24:38,Admin Officer,Initiated Ultra-Fast Video Search (Speed: 10x)
2026-08-22 09:33:02,Admin Officer,Initiated Search for Plate: AK64 DMV
2026-08-22 09:37:40,Admin Officer,Initiated FRS Search in video Screen Recording 2026-08-21 213949.mp4
2026-08-22 09:39:36,Admin Officer,Initiated FRS/ANPR Search in video Screen Recording 2026-08-21 213949.mp4
2026-08-22 09:44:45,Admin Officer,Initiated Ultra-Fast Search in video Screen Recording 2026-08-21 213949.mp4
2026-08-22 09:45:46,Admin Officer,Initiated Ultra-Fast Search in video Screen Recording 2026-08-21 213949.mp4
2026-08-22 09:46:04,Admin Officer,Initiated Ultra-Fast Search in video Screen Recording 2026-08-21 213949.mp4
2026-08-22 09:47:47,Admin Officer,Initiated FRS/ANPR Search in video Screen Recording 2026-08-21 213949.mp4
2026-08-22 09:50:09,Admin Officer,Initiated Search in video Screen Recording 2026-08-21 213949.mp4
2026-08-22 09:50:52,Admin Officer,Initiated Search in video Screen Recording 2026-08-21 213949.mp4
2026-08-22 09:52:15,Admin Officer,Initiated Search in video Screen Recording 2026-08-21 213949.mp4
2026-08-22 09:52:29,Admin Officer,Initiated Search in video Screen Recording 2026-08-21 213949.mp4
2026-08-22 09:53:04,Admin Officer,Initiated Search in video Screen Recording 2026-08-21 213949.mp4
2026-08-22 09:53:34,Admin Officer,Started Live Feed: http://10.18.12.10:8080/video
2026-08-22 09:53:53,Admin Officer,Started Live Feed: http://10.18.12.10:8080/video
2026-08-22 09:54:44,Admin Officer,Started Live Feed: http://10.21.177.238.8080
2026-08-22 09:54:56,Admin Officer,Started Live Feed: http://10.21.177.238:8080
2026-08-22 09:55:42,Admin Officer,Started Live Feed: 0
2026-08-22 10:00:26,Admin Officer,Started live stream on source: http://10.21.177.238:8080/video
2026-08-22 10:00:43,Admin Officer,Started live stream on source: http://10.21.177.238:8080
2026-08-22 10:00:45,Admin Officer,Started live stream on source: http://10.21.177.238:8080
2026-08-22 10:01:21,Admin Officer,Started live stream on source: IPv4: http://10.21.177.238:8080
2026-08-22 10:01:23,Admin Officer,Started live stream on source: IPv4: http://10.21.177.238:8080
2026-08-22 10:01:53,Admin Officer,Started live stream on source: 0
2026-08-22 10:01:56,Admin Officer,Started live stream on source: 0
2026-08-22 10:02:02,Admin Officer,Started live stream on source: 0
2026-08-22 10:02:28,Admin Officer,Initiated video search on file Screen Recording 2026-08-21 213949.mp4
2026-08-22 10:05:34,Admin Officer,Initiated Search for AK64 DMV
2026-08-22 10:06:21,Admin Officer,Initiated Search for 
2026-08-22 10:06:32,Admin Officer,Initiated Search for 
2026-08-22 10:06:55,Admin Officer,Initiated Search for AK64 DMV
2026-08-22 10:07:14,Admin Officer,Initiated Search for AK64
2026-08-22 10:07:32,Admin Officer,Initiated Search for AK64 DMV
2026-08-22 10:08:12,Admin Officer,Initiated Search for AK64 DMV
2026-08-22 10:08:52,Admin Officer,Started Stream (Laptop Integrated Webcam)
2026-08-22 10:13:56,Admin Officer,Initiated Search for HR51BX3132
2026-08-22 10:16:37,Admin Officer,Initiated Search for HR51BX3132
2026-08-22 10:17:04,Admin Officer,Started Stream (Laptop Integrated Webcam)
2026-08-22 10:17:24,Admin Officer,Started Stream (Mobile IP Camera Stream)
2026-08-22 10:17:53,Admin Officer,Started Stream (Mobile IP Camera Stream)
2026-08-22 10:17:56,Admin Officer,Started Stream (Mobile IP Camera Stream)
2026-08-22 10:19:47,Admin Officer,Started Stream (Mobile IP Camera Stream)
2026-08-22 10:21:43,Admin Officer,Started Stream (Mobile IP Camera Stream)
2026-08-22 10:21:55,Admin Officer,Started Stream (Mobile IP Camera Stream)
2026-08-22 10:22:06,Admin Officer,Started Stream (Laptop Integrated Webcam)
2026-08-22 10:22:13,Admin Officer,Started Stream (Hackathon Govt Live Stream URL)
2026-08-22 10:22:50,Admin Officer,Initiated Search for AK64 DMV
2026-08-22 10:49:12,Admin Officer,Initiated Search for AK64 DMV
2026-08-22 10:50:54,Admin Officer,Initiated Search for 
2026-08-22 10:51:35,Admin Officer,Initiated Search for 
2026-08-22 10:52:30,Admin Officer,Started Stream (Laptop Integrated Webcam)
2026-08-22 10:53:22,Admin Officer,Started Stream (Mobile IP Camera Stream)
2026-08-22 10:53:31,Admin Officer,Started Stream (Mobile IP Camera Stream)
2026-08-22 12:18:12,Admin Officer,Initiated Search for 
2026-08-22 12:25:39,Admin Officer,Started Stream (Laptop Integrated Webcam)
2026-08-22 12:27:10,Admin Officer,Initiated Search for 
2026-08-22 12:30:03,Admin Officer,Started Stream (Laptop Integrated Webcam)
2026-08-22 12:31:00,Admin Officer,Started Stream (Mobile IP Camera Stream)
2026-08-22 12:32:30,Admin Officer,Started Stream (Laptop Integrated Webcam)
2026-08-22 12:32:53,Admin Officer,Started Stream (Mobile IP Camera Stream)
2026-08-22 12:34:05,Admin Officer,Started Stream (Laptop Integrated Webcam)
2026-08-22 12:34:35,Admin Officer,Started Stream (Mobile IP Camera Stream)
2026-08-22 12:35:50,Admin Officer,Started Stream (Laptop Integrated Webcam)
2026-08-22 12:41:18,Admin Officer,Started Stream (Mobile IP Camera Stream)
2026-08-22 12:42:57,Admin Officer,Initiated Search for AK64 DMV
2026-08-22 12:49:44,Admin Officer,Initiated Search for AK64 DMV
2026-08-22 12:50:26,Admin Officer,Initiated Search for 
2026-08-22 12:51:59,Admin Officer,Initiated Search for AK64 DMV
2026-08-22 12:54:03,Admin Officer,Initiated Search for 
2026-08-22 12:56:38,Admin Officer,Initiated Search in Screen Recording 2026-08-21 213949.mp4
2026-08-22 12:56:58,Admin Officer,Initiated Search in Screen Recording 2026-08-21 213949.mp4
2026-08-22 12:57:01,Admin Officer,Initiated Search in Screen Recording 2026-08-21 213949.mp4
2026-08-22 12:57:35,Admin Officer,Started Stream (Laptop Integrated Webcam)
2026-08-22 13:21:02,Admin Officer,Initiated Search in Screen Recording 2026-08-21 213949.mp4
2026-08-22 13:21:38,Admin Officer,Initiated Search in Screen Recording 2026-08-21 213949.mp4
2026-08-22 13:21:48,Admin Officer,Initiated Search in Screen Recording 2026-08-21 213949.mp4
2026-08-22 13:23:22,Admin Officer,Started Stream (Mobile IP Camera Stream)
2026-08-22 13:23:23,Admin Officer,Started Stream (Mobile IP Camera Stream)
2026-08-22 13:23:26,Admin Officer,Started Stream (Mobile IP Camera Stream)
2026-08-22 13:23:29,Admin Officer,Started Stream (Laptop Integrated Webcam)
2026-08-22 13:27:01,Admin Officer,Initiated Search in Screen Recording 2026-08-21 213949.mp4
2026-08-22 13:28:15,Admin Officer,Initiated Search in Screen Recording 2026-08-21 213949.mp4
2026-08-22 13:28:20,Admin Officer,Initiated Search in Screen Recording 2026-08-21 213949.mp4
2026-08-22 13:29:19,Admin Officer,Initiated Search in Screen Recording 2026-08-21 213949.mp4
2026-08-22 13:29:27,Admin Officer,Initiated Search in Screen Recording 2026-08-21 213949.mp4
2026-08-22 13:30:43,Admin Officer,Initiated Search in Screen Recording 2026-08-21 213949.mp4
2026-08-22 13:33:03,Admin Officer,Initiated Search in Screen Recording 2026-08-21 213949.mp4
2026-08-22 13:34:45,Admin Officer,Initiated Search in Screen Recording 2026-08-21 213949.mp4
2026-08-22 13:36:17,Admin Officer,Initiated Search for EY61 NGB
2026-08-22 13:36:21,Admin Officer,Initiated Search for EY61 NGB
2026-08-22 13:37:35,Admin Officer,Initiated Search for EY61 NGB
2026-08-22 13:38:03,Admin Officer,Initiated Search for 
2026-08-22 17:28:17,Admin Officer,Initiated Search for 
2026-08-22 17:28:39,Admin Officer,Initiated Search for EY61 NGB 
2026-08-22 17:29:24,Admin Officer,Initiated Search for EY61 NBG
2026-08-22 17:29:59,Admin Officer,Started Stream (Laptop Integrated Webcam)
2026-08-22 17:30:07,Admin Officer,Started Stream (Mobile IP Camera Stream)
2026-08-22 17:30:19,Admin Officer,Started Stream (Mobile IP Camera Stream)
2026-08-22 17:30:29,Admin Officer,Started Stream (Hackathon Govt Live Stream URL)
2026-08-22 17:59:40,Admin Officer,Started Stream (Mobile IP Camera Stream)
2026-08-22 17:59:45,Admin Officer,Started Stream (Laptop Integrated Webcam)
2026-08-22 18:00:22,Admin Officer,Started Stream (Hackathon Govt Live Stream URL)
2026-08-22 18:01:06,Admin Officer,Initiated Search for 
2026-08-22 18:01:38,Admin Officer,Initiated Search for EY61 NBG
2026-08-22 18:02:32,Admin Officer,Initiated Search for AK64 DMV
2026-08-22 18:03:12,Admin Officer,Initiated Search for 
2026-08-22 18:05:32,Admin Officer,Initiated Search for AK64 DMV
2026-08-22 18:13:38,Admin Officer,Initiated Search for AK64 DMV
2026-08-22 18:17:06,Admin Officer,Initiated Search for Plate:AK64 DMV
2026-08-22 18:23:02,Admin Officer,Initiated Fast Search for Plate:AK64 DMV
2026-08-22 18:23:08,Admin Officer,Initiated Fast Search for Plate:AK64 DMV
2026-08-22 18:27:13,Admin Officer,Initiated Fast Search for Plate:AK64 DMV
2026-08-22 18:32:25,Admin Officer,Initiated Fast Search for Plate:AK64 DMV
2026-08-22 18:32:31,Admin Officer,Initiated Fast Search for Plate:AK64 DMV
2026-08-22 18:48:36,Admin Officer,Started Stream (Laptop Integrated Webcam)
2026-08-22 18:49:32,Admin Officer,Initiated Fast Search for Plate:AK64 DMV
2026-08-22 18:52:23,Admin Officer,Initiated Fast Search for Plate:AK64 DMV
2026-08-22 18:52:52,Admin Officer,Initiated Fast Search for Plate:AK64 DMV
2026-08-22 18:53:30,Admin Officer,Initiated Fast Search for Plate:AK64 DMV
2026-08-23 10:14:32,Admin Officer,Ran AI Forensic Scan on Screen Recording 2026-08-21 213949.mp4
2026-08-23 10:15:02,Admin Officer,Ran AI Forensic Scan on Screen Recording 2026-08-21 213949.mp4
2026-08-23 10:23:10,Admin Officer,Started Live Stream (Laptop Integrated Webcam)
2026-08-23 10:26:20,Admin Officer,Started Live Stream (Mobile IP Camera Stream)
2026-08-23 10:26:46,Admin Officer,Started Live Stream (Mobile IP Camera Stream)
2026-08-23 10:26:46,Admin Officer,Started Live Stream (Mobile IP Camera Stream)
2026-08-23 10:30:00,Admin Officer,Queried VAHAN/CCTNS DB for HN14OUC
2026-08-23 10:40:18,Admin Officer,Ran AI Forensic Scan on Screen Recording 2026-08-21 213949.mp4
2026-08-23 10:42:15,Admin Officer,Started Laptop Webcam Monitor
2026-08-23 11:02:08,Admin Officer,Ran AI Forensic Scan on Screen Recording 2026-08-21 213949.mp4
2026-08-23 11:20:47,Admin Officer,Ran AI Forensic Scan on Screen Recording 2026-08-21 213949.mp4
2026-08-23 11:24:08,Admin Officer,Ran AI Forensic Scan on Screen Recording 2026-08-21 213949.mp4
2026-08-23 11:27:09,Admin Officer,Ran AI Forensic Scan on Screen Recording 2026-08-21 213949.mp4
2026-08-23 11:29:35,Admin Officer,Ran AI Forensic Scan on Screen Recording 2026-08-21 213949.mp4
2026-08-23 11:32:38,Admin Officer,Ran AI Forensic Scan on Screen Recording 2026-08-21 213949.mp4
2026-08-23 11:39:09,Admin Officer,Started Laptop Webcam Monitor
2026-08-23 11:40:32,Admin Officer,Started Mobile Patrol Scanner
2026-08-23 11:54:48,Admin Officer,Ran Full AI Forensic Scan on Screen Recording 2026-08-21 213949.mp4
2026-08-23 11:56:58,Admin Officer,Ran Full AI Forensic Scan on Screen Recording 2026-08-21 213949.mp4
2026-08-23 12:01:03,Admin Officer,Started Laptop Webcam Monitor
2026-08-23 12:03:51,Admin Officer,Dispatched Telegram Alert for AK64 DMV (Wanted Black Sedan) & Suspect Aamin at Kalupur Circle Checkpost
2026-08-23 12:04:58,Admin Officer,Queried VAHAN/CCTNS DB for AK64 DMV
2026-08-23 12:05:33,Admin Officer,Started Laptop Webcam Monitor
2026-08-23 12:06:05,Admin Officer,Started Mobile Patrol Scanner
2026-08-23 12:31:54,Officer Aamin (SCRB Senior Investigator),Ran AI Forensic Scan on Screen Recording 2026-08-21 213949.mp4
2026-08-23 12:33:39,Officer Aamin (SCRB Senior Investigator),Ran AI Forensic Scan on Screen Recording 2026-08-21 213949.mp4
2026-08-23 12:42:52,Officer Aamin (SCRB Senior Investigator),Started Live Surveillance (💻 Laptop Integrated Webcam (Selfie / Headcount Only))
2026-08-23 12:44:33,Officer Aamin (SCRB Senior Investigator),Started Live Surveillance (📱 Mobile Handheld Police Patrol Scanner)
2026-08-23 12:45:04,Officer Aamin (SCRB Senior Investigator),Started Live Surveillance (📱 Mobile Handheld Police Patrol Scanner)
2026-08-23 12:48:48,Officer Aamin (SCRB Senior Investigator),Queried VAHAN/CCTNS DB for AK64 DMV
2026-08-23 12:57:48,Officer Aamin (SCRB Senior Investigator),Started Live Surveillance (🚁 Drone (UAV) Aerial Live Feed)
2026-08-23 12:58:27,Officer Aamin (SCRB Senior Investigator),Started Live Surveillance (🚁 Drone (UAV) Aerial Live Feed)
2026-08-23 12:58:36,Officer Aamin (SCRB Senior Investigator),Started Live Surveillance (🏛️ Gujarat Police SCRB High-Mast CCTV (Full Threat Radar))
2026-08-23 12:58:51,Officer Aamin (SCRB Senior Investigator),Started Live Surveillance (📱 Mobile Handheld Police Patrol Scanner)
2026-08-23 12:58:53,Officer Aamin (SCRB Senior Investigator),Started Live Surveillance (💻 Laptop Integrated Webcam (Selfie / Headcount Only))
2026-08-23 14:12:50,Officer Aamin (SCRB Senior Investigator),Started Live Surveillance (🏛️ Gujarat Police SCRB High-Mast CCTV (Full Threat Radar))
2026-08-23 14:15:37,Officer Aamin (SCRB Senior Investigator),Ran AI Forensic Scan on Screen Recording 2026-08-21 212549.mp4
2026-08-23 14:21:01,Officer Aamin (SCRB Senior Investigator),Started Live Surveillance (📱 Mobile Handheld Police Patrol Scanner)
2026-08-23 14:21:41,Officer Aamin (SCRB Senior Investigator),Started Live Surveillance (📱 Mobile Handheld Police Patrol Scanner)
2026-08-23 14:22:08,Officer Aamin (SCRB Senior Investigator),Started Live Surveillance (📱 Mobile Handheld Police Patrol Scanner)
2026-08-23 14:22:26,Officer Aamin (SCRB Senior Investigator),Started Live Surveillance (📱 Mobile Handheld Police Patrol Scanner)
2026-08-23 14:23:26,Officer Aamin (SCRB Senior Investigator),Started Live Surveillance (📱 Mobile Handheld Police Patrol Scanner)
2026-08-23 14:28:41,Officer Aamin (SCRB Senior Investigator),Started Live Surveillance (🏛️ Gujarat Police SCRB High-Mast CCTV (Gov RTSP Feed))
2026-08-23 14:28:47,Officer Aamin (SCRB Senior Investigator),Started Live Surveillance (🏛️ Gujarat Police SCRB High-Mast CCTV (Gov RTSP Feed))
2026-08-23 14:29:11,Officer Aamin (SCRB Senior Investigator),Started Live Surveillance (🏛️ Gujarat Police SCRB High-Mast CCTV (Gov RTSP Feed))
2026-08-23 14:29:14,Officer Aamin (SCRB Senior Investigator),Started Live Surveillance (🏛️ Gujarat Police SCRB High-Mast CCTV (Gov RTSP Feed))
2026-08-23 14:29:33,Officer Aamin (SCRB Senior Investigator),Started Live Surveillance (🏛️ Gujarat Police SCRB High-Mast CCTV (Gov RTSP Feed))
2026-08-23 14:29:47,Officer Aamin (SCRB Senior Investigator),Started Live Surveillance (🏛️ Gujarat Police SCRB High-Mast CCTV (Gov RTSP Feed))
2026-08-23 14:36:56,Officer Aamin (SCRB Senior Investigator),Started Live Surveillance (🏛️ Gujarat Police SCRB High-Mast CCTV / Gov Feed)
2026-08-23 14:37:23,Officer Aamin (SCRB Senior Investigator),Started Live Surveillance (🏛️ Gujarat Police SCRB High-Mast CCTV / Gov Feed)
2026-08-23 14:39:24,Officer Aamin (SCRB Senior Investigator),Started Live Surveillance (🏛️ Gujarat Police SCRB High-Mast CCTV / Gov Feed)
2026-08-23 14:40:25,Officer Aamin (SCRB Senior Investigator),Started Live Surveillance (🏛️ Gujarat Police SCRB High-Mast CCTV / Gov Feed)
2026-08-23 14:41:09,Officer Aamin (SCRB Senior Investigator),Started Live Surveillance (📱 Mobile Handheld Police Patrol Scanner)
2026-08-23 14:41:11,Officer Aamin (SCRB Senior Investigator),Started Live Surveillance (🏛️ Gujarat Police SCRB High-Mast CCTV / Gov Feed)
2026-08-23 14:41:34,Officer Aamin (SCRB Senior Investigator),Started Live Surveillance (📱 Mobile Handheld Police Patrol Scanner)
2026-08-23 14:41:37,Officer Aamin (SCRB Senior Investigator),Started Live Surveillance (📱 Mobile Handheld Police Patrol Scanner)
2026-08-23 14:57:30,Officer Aamin (SCRB Senior Investigator),Ran AI Forensic Scan on Screen Recording 2026-08-21 213949.mp4
2026-08-23 14:59:22,Officer Aamin (SCRB Senior Investigator),Ran AI Forensic Scan on Screen Recording 2026-08-21 213949.mp4
2026-08-23 19:06:11,Officer Aamin (SCRB Senior Investigator),Streaming Govt CCTV CAM-01 (Ahmedabad - Kalupur Railway Circle)
2026-08-23 19:06:26,Officer Aamin (SCRB Senior Investigator),Streaming Govt CCTV CAM-01 (Ahmedabad - Kalupur Railway Circle)
2026-08-23 19:06:30,Officer Aamin (SCRB Senior Investigator),Streaming Govt CCTV CAM-01 (Ahmedabad - Kalupur Railway Circle)
2026-08-23 19:06:45,Officer Aamin (SCRB Senior Investigator),Streaming Govt CCTV CAM-02 (Ahmedabad - SG Highway ISKCON Cross)
2026-08-23 19:06:46,Officer Aamin (SCRB Senior Investigator),Streaming Govt CCTV CAM-02 (Ahmedabad - SG Highway ISKCON Cross)
2026-08-23 19:06:47,Officer Aamin (SCRB Senior Investigator),Streaming Govt CCTV CAM-02 (Ahmedabad - SG Highway ISKCON Cross)
2026-08-23 19:06:52,Officer Aamin (SCRB Senior Investigator),Streaming Govt CCTV CAM-03 (Ahmedabad - C.G. Road Swastik Cross)
2026-08-23 19:06:53,Officer Aamin (SCRB Senior Investigator),Streaming Govt CCTV CAM-03 (Ahmedabad - C.G. Road Swastik Cross)
2026-08-23 19:06:53,Officer Aamin (SCRB Senior Investigator),Streaming Govt CCTV CAM-03 (Ahmedabad - C.G. Road Swastik Cross)
2026-08-23 19:06:56,Officer Aamin (SCRB Senior Investigator),Streaming Govt CCTV CAM-04 (Ahmedabad - Narol Highway Junction)
2026-08-23 19:06:57,Officer Aamin (SCRB Senior Investigator),Streaming Govt CCTV CAM-04 (Ahmedabad - Narol Highway Junction)
2026-08-23 19:07:01,Officer Aamin (SCRB Senior Investigator),Streaming Govt CCTV CAM-06 (Gandhinagar - CH-0 Assembly Gate)
2026-08-23 19:07:02,Officer Aamin (SCRB Senior Investigator),Streaming Govt CCTV CAM-06 (Gandhinagar - CH-0 Assembly Gate)
2026-08-23 19:07:02,Officer Aamin (SCRB Senior Investigator),Streaming Govt CCTV CAM-06 (Gandhinagar - CH-0 Assembly Gate)
2026-08-23 19:07:02,Officer Aamin (SCRB Senior Investigator),Streaming Govt CCTV CAM-06 (Gandhinagar - CH-0 Assembly Gate)
2026-08-23 19:07:03,Officer Aamin (SCRB Senior Investigator),Streaming Govt CCTV CAM-06 (Gandhinagar - CH-0 Assembly Gate)
2026-08-23 19:10:27,Officer Aamin (SCRB Senior Investigator),Streaming 💻 Laptop Integrated Webcam (Device 0)
2026-08-23 19:11:25,Officer Aamin (SCRB Senior Investigator),Streaming 📱 Mobile Patrol IP Camera (http://10.139.226.86:8080)
2026-08-23 19:12:07,Officer Aamin (SCRB Senior Investigator),Streaming 🏛️ CAM-01 : Ahmedabad - Kalupur Railway Circle
2026-08-23 19:12:13,Officer Aamin (SCRB Senior Investigator),Streaming 🏛️ CAM-02 : Ahmedabad - SG Highway ISKCON Cross
2026-08-23 19:12:15,Officer Aamin (SCRB Senior Investigator),Streaming 🏛️ CAM-06 : Gandhinagar - CH-0 Assembly Gate
2026-08-23 19:12:36,Officer Aamin (SCRB Senior Investigator),Ran AI Forensic Scan on Screen Recording 2026-08-21 213949.mp4
2026-08-23 19:22:40,Officer Aamin (SCRB Senior Investigator),Started Live Traffic Radar on CAM-01 : Ahmedabad - Kalupur Railway Circle
2026-08-23 19:22:42,Officer Aamin (SCRB Senior Investigator),Started Live Traffic Radar on CAM-01 : Ahmedabad - Kalupur Railway Circle
2026-08-23 19:22:43,Officer Aamin (SCRB Senior Investigator),Started Live Traffic Radar on CAM-01 : Ahmedabad - Kalupur Railway Circle
2026-08-23 19:22:44,Officer Aamin (SCRB Senior Investigator),Started Live Traffic Radar on CAM-01 : Ahmedabad - Kalupur Railway Circle
2026-08-23 19:22:44,Officer Aamin (SCRB Senior Investigator),Started Live Traffic Radar on CAM-01 : Ahmedabad - Kalupur Railway Circle
2026-08-23 19:22:44,Officer Aamin (SCRB Senior Investigator),Started Live Traffic Radar on CAM-01 : Ahmedabad - Kalupur Railway Circle
2026-08-23 19:22:45,Officer Aamin (SCRB Senior Investigator),Started Live Traffic Radar on CAM-01 : Ahmedabad - Kalupur Railway Circle
2026-08-23 19:22:57,Officer Aamin (SCRB Senior Investigator),Started Live Traffic Radar on CAM-01 : Ahmedabad - Kalupur Railway Circle
2026-08-23 19:22:57,Officer Aamin (SCRB Senior Investigator),Started Live Traffic Radar on CAM-01 : Ahmedabad - Kalupur Railway Circle
2026-08-23 19:22:57,Officer Aamin (SCRB Senior Investigator),Started Live Traffic Radar on CAM-01 : Ahmedabad - Kalupur Railway Circle
2026-08-23 19:22:58,Officer Aamin (SCRB Senior Investigator),Started Live Traffic Radar on CAM-01 : Ahmedabad - Kalupur Railway Circle
2026-08-23 19:23:02,Officer Aamin (SCRB Senior Investigator),Started Live Traffic Radar on CAM-01 : Ahmedabad - Kalupur Railway Circle
2026-08-23 19:23:03,Officer Aamin (SCRB Senior Investigator),Started Live Traffic Radar on CAM-01 : Ahmedabad - Kalupur Railway Circle
2026-08-23 19:23:03,Officer Aamin (SCRB Senior Investigator),Started Live Traffic Radar on CAM-01 : Ahmedabad - Kalupur Railway Circle
2026-08-23 19:23:03,Officer Aamin (SCRB Senior Investigator),Started Live Traffic Radar on CAM-01 : Ahmedabad - Kalupur Railway Circle
2026-08-23 19:23:04,Officer Aamin (SCRB Senior Investigator),Started Live Traffic Radar on CAM-01 : Ahmedabad - Kalupur Railway Circle
2026-08-23 19:23:04,Officer Aamin (SCRB Senior Investigator),Started Live Traffic Radar on CAM-01 : Ahmedabad - Kalupur Railway Circle
2026-08-23 19:23:09,Officer Aamin (SCRB Senior Investigator),Started Live Traffic Radar on CAM-01 : Ahmedabad - Kalupur Railway Circle
2026-08-23 19:23:14,Officer Aamin (SCRB Senior Investigator),Started Live Traffic Radar on CAM-01 : Ahmedabad - Kalupur Railway Circle
2026-08-23 19:45:20,Officer Aamin (SCRB Senior Investigator),AI Radar on Checkpost 02 Janpath
2026-08-23 19:45:24,Officer Aamin (SCRB Senior Investigator),AI Radar on Checkpost 02 Janpath
2026-08-23 19:45:27,Officer Aamin (SCRB Senior Investigator),AI Radar on Checkpost 02 Janpath
2026-08-23 19:45:28,Officer Aamin (SCRB Senior Investigator),AI Radar on Checkpost 02 Janpath
2026-08-23 19:55:27,Officer Aamin (SCRB Senior Investigator),AI Radar on Checkpost 01 Chiman bhai Bridge
2026-08-23 19:55:31,Officer Aamin (SCRB Senior Investigator),AI Radar on Checkpost 01 Chiman bhai Bridge
2026-08-23 19:55:33,Officer Aamin (SCRB Senior Investigator),AI Radar on Checkpost 01 Chiman bhai Bridge
2026-08-23 19:55:33,Officer Aamin (SCRB Senior Investigator),AI Radar on Checkpost 01 Chiman bhai Bridge
2026-08-23 19:55:38,Officer Aamin (SCRB Senior Investigator),AI Radar on Checkpost 01 Chiman bhai Bridge
2026-08-23 19:55:39,Officer Aamin (SCRB Senior Investigator),AI Radar on Checkpost 01 Chiman bhai Bridge
2026-08-23 19:55:39,Officer Aamin (SCRB Senior Investigator),AI Radar on Checkpost 01 Chiman bhai Bridge
2026-08-23 19:55:40,Officer Aamin (SCRB Senior Investigator),AI Radar on Checkpost 01 Chiman bhai Bridge
2026-08-23 19:55:40,Officer Aamin (SCRB Senior Investigator),AI Radar on Checkpost 01 Chiman bhai Bridge
2026-08-23 19:55:40,Officer Aamin (SCRB Senior Investigator),AI Radar on Checkpost 01 Chiman bhai Bridge
2026-08-23 19:55:41,Officer Aamin (SCRB Senior Investigator),AI Radar on Checkpost 01 Chiman bhai Bridge
2026-08-23 19:56:13,Officer Aamin (SCRB Senior Investigator),AI Radar on Checkpost 01 Chiman bhai Bridge
2026-08-23 19:58:22,Officer Aamin (SCRB Senior Investigator),AI Radar on Checkpost 04 Paldi Circle
2026-08-23 21:49:32,Officer Aamin (SCRB Senior Investigator),Motion Scanner on 🏛️ Camera 1 - 01 Chiman bhai Bridge
2026-08-23 21:49:42,Officer Aamin (SCRB Senior Investigator),Motion Scanner on 🏛️ Camera 2 - 02 Janpath
2026-08-23 22:15:05,Officer Aamin (SCRB Senior Investigator),Started AI Radar on 01 Chiman bhai Bridge
2026-08-23 22:15:07,Officer Aamin (SCRB Senior Investigator),Started AI Radar on 01 Chiman bhai Bridge
2026-08-23 22:16:52,Officer Aamin (SCRB Senior Investigator),Started Laptop Webcam
2026-08-23 22:17:41,Officer Aamin (SCRB Senior Investigator),Started Mobile IP Cam (http://10.18.136.188:8080/video)
2026-08-23 22:25:51,Officer Aamin (SCRB Senior Investigator),Started AI Radar on 01 Chiman bhai Bridge
2026-08-23 22:25:54,Officer Aamin (SCRB Senior Investigator),Started AI Radar on 01 Chiman bhai Bridge
2026-08-23 22:25:55,Officer Aamin (SCRB Senior Investigator),Started AI Radar on 01 Chiman bhai Bridge
2026-08-23 22:26:26,Officer Aamin (SCRB Senior Investigator),Ran AI Forensic Scan on Screen Recording 2026-08-21 213949.mp4
2026-08-23 22:26:31,Officer Aamin (SCRB Senior Investigator),Ran AI Forensic Scan on Screen Recording 2026-08-21 213949.mp4
2026-08-23 22:26:32,Officer Aamin (SCRB Senior Investigator),Ran AI Forensic Scan on Screen Recording 2026-08-21 213949.mp4
2026-08-23 22:26:32,Officer Aamin (SCRB Senior Investigator),Ran AI Forensic Scan on Screen Recording 2026-08-21 213949.mp4
2026-08-23 22:26:32,Officer Aamin (SCRB Senior Investigator),Ran AI Forensic Scan on Screen Recording 2026-08-21 213949.mp4
2026-08-23 22:26:35,Officer Aamin (SCRB Senior Investigator),Ran AI Forensic Scan on Screen Recording 2026-08-21 213949.mp4
2026-08-23 22:26:35,Officer Aamin (SCRB Senior Investigator),Ran AI Forensic Scan on Screen Recording 2026-08-21 213949.mp4
2026-08-23 22:26:36,Officer Aamin (SCRB Senior Investigator),Ran AI Forensic Scan on Screen Recording 2026-08-21 213949.mp4
2026-08-23 22:34:16,Officer Aamin (SCRB Senior Investigator),Started Laptop Webcam
2026-08-23 22:34:23,Officer Aamin (SCRB Senior Investigator),Started Laptop Webcam
2026-08-23 22:37:07,Officer Aamin (SCRB Senior Investigator),Started Laptop Webcam
2026-08-23 22:37:42,Officer Aamin (SCRB Senior Investigator),Ran AI Forensic Scan on Screen Recording 2026-08-21 213949.mp4
2026-08-23 22:40:03,Officer Aamin (SCRB Senior Investigator),Queried VAHAN/CCTNS DB for AK64 DMV
2026-08-24 10:02:13,Officer Aamin (SCRB Senior Investigator),Started Laptop Webcam
2026-08-24 10:03:41,Officer Aamin (SCRB Senior Investigator),Started Mobile IP Cam (http://100.84.219.34:8080/video)
2026-08-24 10:04:56,Officer Aamin (SCRB Senior Investigator),Ran AI Forensic Scan on Screen Recording 2026-08-21 213949.mp4
2026-08-24 10:05:00,Officer Aamin (SCRB Senior Investigator),Ran AI Forensic Scan on Screen Recording 2026-08-21 213949.mp4
2026-08-24 10:09:15,Officer Aamin (SCRB Senior Investigator),Ran AI Forensic Scan on Screen Recording 2026-08-21 213949.mp4
2026-08-24 10:14:31,Officer Aamin (SCRB Senior Investigator),Queried VAHAN/CCTNS DB for AK64 DMV
2026-08-24 13:08:35,Officer Aamin (SCRB Senior Investigator),Started Mobile IP Cam (http://10.137.200.50:8080/video)
2026-08-24 13:08:40,Officer Aamin (SCRB Senior Investigator),Started Mobile IP Cam (http://10.137.200.50:8080/video)
2026-08-24 13:08:44,Officer Aamin (SCRB Senior Investigator),Started Mobile IP Cam (http://10.137.200.50:8080/video)
2026-08-24 13:08:45,Officer Aamin (SCRB Senior Investigator),Started Mobile IP Cam (http://10.137.200.50:8080/video)
2026-08-24 13:08:53,Officer Aamin (SCRB Senior Investigator),Started Mobile IP Cam (http://10.137.200.50:8080/video)
2026-08-24 13:08:53,Officer Aamin (SCRB Senior Investigator),Started Mobile IP Cam (http://10.137.200.50:8080/video)
2026-08-24 13:09:01,Officer Aamin (SCRB Senior Investigator),Started Mobile IP Cam (http://10.137.200.50:8080/video)
2026-08-24 13:09:01,Officer Aamin (SCRB Senior Investigator),Started Mobile IP Cam (http://10.137.200.50:8080/video)
2026-08-24 13:09:01,Officer Aamin (SCRB Senior Investigator),Started Mobile IP Cam (http://10.137.200.50:8080/video)
2026-08-24 13:09:01,Officer Aamin (SCRB Senior Investigator),Started Mobile IP Cam (http://10.137.200.50:8080/video)
2026-08-24 13:09:01,Officer Aamin (SCRB Senior Investigator),Started Mobile IP Cam (http://10.137.200.50:8080/video)
2026-08-24 13:09:01,Officer Aamin (SCRB Senior Investigator),Started Mobile IP Cam (http://10.137.200.50:8080/video)
2026-08-24 13:09:02,Officer Aamin (SCRB Senior Investigator),Started Mobile IP Cam (http://10.137.200.50:8080/video)
2026-08-24 13:09:03,Officer Aamin (SCRB Senior Investigator),Started Mobile IP Cam (http://10.137.200.50:8080/video)
2026-08-24 13:09:04,Officer Aamin (SCRB Senior Investigator),Started Mobile IP Cam (http://10.137.200.50:8080/video)
2026-08-24 13:09:48,Officer Aamin (SCRB Senior Investigator),Started Mobile IP Cam (http://10.137.200.50:8080/video)
2026-08-24 13:09:52,Officer Aamin (SCRB Senior Investigator),Started Mobile IP Cam (http://10.137.200.50:8080/video)
2026-08-24 13:13:50,Officer Aamin (SCRB Senior Investigator),Started Mobile IP Cam (http://10.137.200.50:8080/video)
2026-08-24 13:14:11,Officer Aamin (SCRB Senior Investigator),Started Mobile IP Cam (http://10.137.200.50:8080/video)
2026-08-24 13:14:13,Officer Aamin (SCRB Senior Investigator),Started Mobile IP Cam (http://10.137.200.50:8080/video)
2026-08-24 13:14:13,Officer Aamin (SCRB Senior Investigator),Started Mobile IP Cam (http://10.137.200.50:8080/video)
2026-08-24 13:14:16,Officer Aamin (SCRB Senior Investigator),Started Mobile IP Cam (http://10.137.200.50:8080/video)
2026-08-24 13:14:16,Officer Aamin (SCRB Senior Investigator),Started Mobile IP Cam (http://10.137.200.50:8080/video)
2026-08-24 13:14:19,Officer Aamin (SCRB Senior Investigator),Started Mobile IP Cam (http://10.137.200.50:8080/video)
2026-08-24 13:14:20,Officer Aamin (SCRB Senior Investigator),Started Mobile IP Cam (http://10.137.200.50:8080/video)
2026-08-24 13:14:20,Officer Aamin (SCRB Senior Investigator),Started Mobile IP Cam (http://10.137.200.50:8080/video)
2026-08-24 13:14:22,Officer Aamin (SCRB Senior Investigator),Started Mobile IP Cam (http://10.137.200.50:8080/video)
2026-08-24 13:14:22,Officer Aamin (SCRB Senior Investigator),Started Mobile IP Cam (http://10.137.200.50:8080/video)
2026-08-24 13:14:23,Officer Aamin (SCRB Senior Investigator),Started Mobile IP Cam (http://10.137.200.50:8080/video)
2026-08-24 13:17:39,Officer Aamin (SCRB Senior Investigator),Started Mobile IP Cam (http://10.225.111.180:8080/video)
2026-08-24 13:17:45,Officer Aamin (SCRB Senior Investigator),Started Mobile IP Cam (http://10.225.111.180:8080/video)
2026-08-24 13:59:42,Officer Aamin (SCRB Senior Investigator),Started Laptop Webcam
2026-08-24 14:01:00,Officer Aamin (SCRB Senior Investigator),Started Laptop Webcam
2026-08-24 14:01:52,Officer Aamin (SCRB Senior Investigator),Started Mobile IP Cam (http://10.137.200.50:8080/video)
2026-08-24 14:04:47,Officer Aamin (SCRB Senior Investigator),Queried VAHAN/CCTNS DB for AK64 DMV
2026-08-24 16:25:55,Officer Aamin (SCRB Senior Investigator),Ran AI Forensic Scan on Screen Recording 2026-08-21 213949.mp4
2026-08-24 16:26:04,Officer Aamin (SCRB Senior Investigator),Ran AI Forensic Scan on Screen Recording 2026-08-21 213949.mp4
2026-08-24 16:26:04,Officer Aamin (SCRB Senior Investigator),Ran AI Forensic Scan on Screen Recording 2026-08-21 213949.mp4
2026-08-24 16:33:16,Officer Aamin (SCRB Senior Investigator),Started AI Radar on 01 Chiman bhai Bridge
2026-08-24 16:33:19,Officer Aamin (SCRB Senior Investigator),Started AI Radar on 01 Chiman bhai Bridge
2026-08-24 16:33:19,Officer Aamin (SCRB Senior Investigator),Started AI Radar on 01 Chiman bhai Bridge
2026-08-24 16:33:20,Officer Aamin (SCRB Senior Investigator),Started AI Radar on 01 Chiman bhai Bridge
2026-08-24 16:33:20,Officer Aamin (SCRB Senior Investigator),Started AI Radar on 01 Chiman bhai Bridge
2026-08-24 16:33:20,Officer Aamin (SCRB Senior Investigator),Started AI Radar on 01 Chiman bhai Bridge
2026-08-24 16:33:20,Officer Aamin (SCRB Senior Investigator),Started AI Radar on 01 Chiman bhai Bridge
2026-08-24 16:33:21,Officer Aamin (SCRB Senior Investigator),Started AI Radar on 01 Chiman bhai Bridge
2026-08-24 16:33:31,Officer Aamin (SCRB Senior Investigator),Started AI Radar on 01 Chiman bhai Bridge
2026-08-24 16:33:42,Officer Aamin (SCRB Senior Investigator),Started AI Radar on 01 Chiman bhai Bridge
2026-08-24 16:42:25,Officer Aamin (SCRB Senior Investigator),Started AI Radar on 01 Chiman bhai Bridge
2026-08-24 16:42:25,Officer Aamin (SCRB Senior Investigator),Started AI Radar on 01 Chiman bhai Bridge
2026-08-24 16:42:27,Officer Aamin (SCRB Senior Investigator),Started AI Radar on 01 Chiman bhai Bridge
2026-08-24 16:42:28,Officer Aamin (SCRB Senior Investigator),Started AI Radar on 01 Chiman bhai Bridge
2026-08-24 16:42:28,Officer Aamin (SCRB Senior Investigator),Started AI Radar on 01 Chiman bhai Bridge
2026-08-24 16:42:30,Officer Aamin (SCRB Senior Investigator),Started AI Radar on 01 Chiman bhai Bridge
2026-08-24 16:43:01,Officer Aamin (SCRB Senior Investigator),Started AI Radar on 01 Chiman bhai Bridge
2026-08-24 16:43:03,Officer Aamin (SCRB Senior Investigator),Started AI Radar on 01 Chiman bhai Bridge
2026-08-24 16:43:04,Officer Aamin (SCRB Senior Investigator),Started AI Radar on 01 Chiman bhai Bridge
2026-08-24 16:43:05,Officer Aamin (SCRB Senior Investigator),Started AI Radar on 01 Chiman bhai Bridge
2026-08-24 16:43:05,Officer Aamin (SCRB Senior Investigator),Started AI Radar on 01 Chiman bhai Bridge
2026-08-24 16:43:08,Officer Aamin (SCRB Senior Investigator),Started AI Radar on 01 Chiman bhai Bridge
2026-08-24 16:43:08,Officer Aamin (SCRB Senior Investigator),Started AI Radar on 01 Chiman bhai Bridge
2026-08-24 16:43:08,Officer Aamin (SCRB Senior Investigator),Started AI Radar on 01 Chiman bhai Bridge
2026-08-24 16:43:10,Officer Aamin (SCRB Senior Investigator),Started AI Radar on 01 Chiman bhai Bridge
2026-08-24 16:43:10,Officer Aamin (SCRB Senior Investigator),Started AI Radar on 01 Chiman bhai Bridge
2026-08-24 16:43:10,Officer Aamin (SCRB Senior Investigator),Started AI Radar on 01 Chiman bhai Bridge
2026-08-24 16:43:13,Officer Aamin (SCRB Senior Investigator),Started AI Radar on 01 Chiman bhai Bridge
2026-08-24 16:47:36,Officer Aamin (SCRB Senior Investigator),Started AI Radar on 01 Chiman bhai Bridge
2026-08-24 16:47:45,Officer Aamin (SCRB Senior Investigator),Started AI Radar on 01 Chiman bhai Bridge
2026-08-24 16:47:48,Officer Aamin (SCRB Senior Investigator),Started AI Radar on 01 Chiman bhai Bridge
2026-08-24 16:47:53,Officer Aamin (SCRB Senior Investigator),Started AI Radar on 01 Chiman bhai Bridge
2026-08-24 17:31:37,Officer Aamin (SCRB Senior Investigator),Started Laptop Webcam
2026-08-24 17:42:57,Officer Aamin (SCRB Senior Investigator),Active AI Radar on 01 Chiman bhai Bridge
2026-08-24 17:48:44,Officer Aamin (SCRB Senior Investigator),Active AI Radar on 01 Chiman bhai Bridge
2026-08-24 17:48:51,Officer Aamin (SCRB Senior Investigator),Active AI Radar on 01 Chiman bhai Bridge
2026-08-24 17:48:51,Officer Aamin (SCRB Senior Investigator),Active AI Radar on 01 Chiman bhai Bridge
2026-08-24 17:48:53,Officer Aamin (SCRB Senior Investigator),Active AI Radar on 01 Chiman bhai Bridge
2026-08-24 17:49:01,Officer Aamin (SCRB Senior Investigator),Active AI Radar on 01 Chiman bhai Bridge
2026-08-24 17:49:07,Officer Aamin (SCRB Senior Investigator),Active AI Radar on 01 Chiman bhai Bridge
2026-08-24 17:49:07,Officer Aamin (SCRB Senior Investigator),Active AI Radar on 01 Chiman bhai Bridge
2026-08-24 17:49:07,Officer Aamin (SCRB Senior Investigator),Active AI Radar on 01 Chiman bhai Bridge
2026-08-24 17:54:01,Officer Aamin (SCRB Senior Investigator),Active AI Radar on 01 Chiman bhai Bridge
2026-08-24 17:54:31,Officer Aamin (SCRB Senior Investigator),"Active AI Radar on 19 Khaparia Panchayat, Navsari"
2026-08-24 17:54:39,Officer Aamin (SCRB Senior Investigator),"Active AI Radar on 19 Khaparia Panchayat, Navsari"
2026-08-24 17:54:39,Officer Aamin (SCRB Senior Investigator),"Active AI Radar on 19 Khaparia Panchayat, Navsari"
2026-08-24 17:54:41,Officer Aamin (SCRB Senior Investigator),"Active AI Radar on 19 Khaparia Panchayat, Navsari"
2026-08-24 18:02:09,Officer Aamin (SCRB Senior Investigator),Active AI Radar on 01 Chiman bhai Bridge
2026-08-24 18:02:24,Officer Aamin (SCRB Senior Investigator),Active AI Radar on 01 Chiman bhai Bridge
2026-08-24 18:02:26,Officer Aamin (SCRB Senior Investigator),Active AI Radar on 01 Chiman bhai Bridge
2026-08-24 18:18:40,Officer Aamin (SCRB Senior Investigator),Active AI Radar on 01 Chiman bhai Bridge
2026-08-24 18:18:51,Officer Aamin (SCRB Senior Investigator),Active AI Radar on 01 Chiman bhai Bridge
2026-08-24 18:18:51,Officer Aamin (SCRB Senior Investigator),Active AI Radar on 01 Chiman bhai Bridge
2026-08-24 18:18:55,Officer Aamin (SCRB Senior Investigator),Active AI Radar on 01 Chiman bhai Bridge
2026-08-24 18:44:04,Officer Aamin (SCRB Senior Investigator),Streamed Camera 1 (01 Chiman bhai Bridge)
2026-08-24 18:48:36,Officer Aamin (SCRB Senior Investigator),Queried VAHAN/CCTNS DB for AK64 DMV
2026-08-24 18:54:19,Officer Aamin (SCRB Senior Investigator),Streamed Camera 1 (01 Chiman bhai Bridge)
2026-08-24 19:01:09,Officer Aamin (SCRB Senior Investigator),Streamed Camera 1 (01 Chiman bhai Bridge)
2026-08-24 19:06:04,Officer Aamin (SCRB Senior Investigator),Streamed Camera 1 (01 Chiman bhai Bridge)
2026-08-24 19:11:51,Officer Aamin (SCRB Senior Investigator),Streamed Camera 1 (01 Chiman bhai Bridge)
2026-08-24 19:16:45,Officer Aamin (SCRB Senior Investigator),Streamed Camera 1 (01 Chiman bhai Bridge)
2026-08-24 19:23:02,Officer Aamin (SCRB Senior Investigator),Streamed Camera 1 (01 Chiman bhai Bridge)
2026-08-24 19:41:25,Officer Aamin (SCRB Senior Investigator),Streamed Camera 1 (01 Chiman bhai Bridge)
2026-08-24 19:51:20,Officer Aamin (SCRB Senior Investigator),Streamed Camera 1 (01 Chiman bhai Bridge)
2026-08-24 19:55:48,Officer Aamin (SCRB Senior Investigator),Streamed Camera 1 (01 Chiman bhai Bridge)
2026-08-24 19:57:33,Officer Aamin (SCRB Senior Investigator),Streamed Camera 1 (01 Chiman bhai Bridge)
2026-08-24 20:04:03,Officer Aamin (SCRB Senior Investigator),Streamed Camera 1 (01 Chiman bhai Bridge)
2026-08-24 20:05:26,Officer Aamin (SCRB Senior Investigator),Started Laptop Webcam
2026-08-24 20:09:21,Officer Aamin (SCRB Senior Investigator),Streamed Camera 1 (01 Chiman bhai Bridge)
2026-08-24 20:12:55,Officer Aamin (SCRB Senior Investigator),Streamed Camera 1 (01 Chiman bhai Bridge)
2026-08-24 20:19:20,Officer Aamin (SCRB Senior Investigator),Streamed Camera 1 (01 Chiman bhai Bridge)
2026-08-24 20:22:08,Officer Aamin (SCRB Senior Investigator),Streamed Camera 1 (01 Chiman bhai Bridge)
2026-08-24 20:22:25,Officer Aamin (SCRB Senior Investigator),Started Laptop Webcam
2026-08-24 20:23:30,Officer Aamin (SCRB Senior Investigator),Started Mobile IP Cam (http://10.137.200.50:8080/video)
2026-08-24 20:23:33,Officer Aamin (SCRB Senior Investigator),Started Mobile IP Cam (http://10.137.200.50:8080/video)
2026-08-24 20:24:50,Officer Aamin (SCRB Senior Investigator),Streamed Camera 1 (01 Chiman bhai Bridge)
2026-08-24 20:38:53,Officer Aamin (SCRB Senior Investigator),Streamed Camera 1 (01 Chiman bhai Bridge)
2026-08-25 10:15:41,Officer Aamin (SCRB Senior Investigator),Streamed Camera 1 (01 Chiman bhai Bridge)
2026-08-25 12:26:50,Officer Aamin (SCRB Senior Investigator),Streamed Camera 1 (01 Chiman bhai Bridge)
2026-08-25 12:27:38,Officer Aamin (SCRB Senior Investigator),Streamed Camera 1 (01 Chiman bhai Bridge)
2026-08-25 12:33:12,Officer Aamin (SCRB Senior Investigator),Streamed Camera 1 (01 Chiman bhai Bridge)
2026-08-25 12:33:34,Officer Aamin (SCRB Senior Investigator),Streamed Camera 23 (23 Kheram Checkpost)
2026-08-25 12:35:01,Officer Aamin (SCRB Senior Investigator),Started Laptop Webcam
2026-08-25 12:35:53,Officer Aamin (SCRB Senior Investigator),Started Mobile IP Cam (http://10.136.231.58:8080/video)
2026-08-25 12:37:19,Officer Aamin (SCRB Senior Investigator),VAHAN lookup for plate AK64 DMV
2026-08-25 12:44:36,Officer Aamin (SCRB Senior Investigator),Streamed Camera 1 (01 Chiman bhai Bridge)
2026-08-25 18:28:24,Officer Aamin,Streamed Camera 1 (01 Chiman bhai Bridge)
2026-08-25 18:29:03,Officer Aamin,Streamed Camera 23 (23 Kheram Checkpost)
2026-08-25 18:29:23,Officer Aamin,Streamed Camera 14 (14 Delight Junction)
2026-08-25 18:35:24,Officer Aamin,Streamed Camera 1 (01 Chiman bhai Bridge)
2026-08-25 18:35:26,Officer Aamin,Streamed Camera 2 (02 Janpath)
2026-08-25 18:35:49,Officer Aamin,Streamed Camera 3 (03 O.N.G.C. Office)
2026-08-25 18:36:01,Officer Aamin,Streamed Camera 4 (04 Paldi Circle)
2026-08-25 18:36:06,Officer Aamin,Streamed Camera 1 (01 Chiman bhai Bridge)
2026-08-25 18:41:31,Officer Aamin,Issued E-Challan to GJ06AB8842 for Red Light & Stop-Line / Zebra Crossing Encroachment (RLVD)
2026-08-25 18:46:06,Officer Aamin,"Viewed 5-Camera Video Wall: ['1', '4', '14', '15', '21']"
2026-08-25 18:47:17,Officer Aamin,"Viewed 5-Camera Video Wall: ['2', '7', '9', '12', '22']"
2026-08-25 18:48:19,Officer Aamin,"Viewed 5-Camera Video Wall: ['6', '8', '11', '19', '25']"
2026-08-25 18:55:24,Officer Aamin,"Viewed 5-Camera Video Wall: ['14', '1', '15', '12', '22']"
2026-08-25 18:56:02,Officer Aamin,"Viewed 5-Camera Video Wall: ['14', '1', '15', '12', '22']"
2026-08-25 18:56:07,Officer Aamin,"Viewed 5-Camera Video Wall: ['14', '1', '15', '12', '22']"
2026-08-25 18:56:35,Officer Aamin,"Viewed 5-Camera Video Wall: ['14', '1', '15', '12', '22']"
2026-08-25 18:57:13,Officer Aamin,"Viewed 5-Camera Video Wall: ['14', '1', '15', '12', '22']"
2026-08-25 18:57:21,Officer Aamin,"Viewed 5-Camera Video Wall: ['14', '1', '15', '12', '22']"
2026-08-25 18:57:36,Officer Aamin,"Viewed 5-Camera Video Wall: ['14', '1', '15', '12', '22']"
2026-08-25 20:28:34,Officer Aamin,Started Laptop Webcam
2026-08-25 20:29:15,Officer Aamin,Started Mobile IP Cam (http://10.136.231.58:8080/video)
2026-08-26 12:45:46,Officer Aamin,Started Laptop Webcam
2026-08-26 12:46:01,Officer Aamin,Started Laptop Webcam
2026-08-26 12:46:12,Officer Aamin,Started Laptop Webcam
2026-08-26 12:46:21,Officer Aamin,Started Mobile IP Cam (http://192.168.1.5:8080/video)
2026-08-26 12:46:25,Officer Aamin,Started Laptop Webcam
2026-08-26 12:47:04,Officer Aamin,Started Mobile IP Cam (http://192.168.1.5:8080/video)
2026-08-26 12:47:36,Officer Aamin,VAHAN lookup for plate FGHJJ
2026-08-26 12:49:47,Officer Aamin,Started Laptop Webcam
